"word","counter"
"morti",127
"virus",124
"casa",112
"della",102
"aprile",90
"anni",85
"coronavirus",80
"medici";74
"mascherine";74
"euro";68
"casi";65
"governo";63
"quarantena";63
"emergenza";59
"test";58
"ospedale";58
"alle";53
"contagi";50
"giorni";49
"milioni";47
"nuovi";46
"fase";46
"diretta";44
"positivi";44
"vittime";43
"grande";43
"decreto";42
"nelle";42
"dati";41
"rischio";40
"video";39
"maggio";38
"soldi";38
"mondo";38
"lavoro";37
"migranti";37
"anziani";36
"nuovo";35
"tv";35
"accordo";35
"isolamento";35
"’";35
"spesa";35
"sindaco";34
"tempo";33
"persone";33
"italiani";32
"giorno";32
"miliardi";31
"fine";31
"primo";31
"contagio";30
"imprese";30
"misure";30
"calcio";29
"regole";29
"prima";29
"dal";28
"ore";28
"stato";28
"marzo";28
"foto";27
"distanza";27
"infermieri";26
"alla";26
"mascherina";26
"liquidità";26
"vaccino";25
"crisi";25
"aiuti";25
"aziende";25
"paesi";25
"solidarietà";25
"epidemia";25
"storia";24
"speranza";24
"notizie";24
"regioni";24
"numero";24
"studio";24
"sito";24
"vita";23
"ultime";23
"auto";22
"allarme";22
"ex";22
"figli";22
"paura";22
"scuole";22
"guerra";22
"nuova";22
"caso";22
"anti";21
"sulle";21
"settimane";21
"settimana";21
"serie";20
"decessi";20
"sulla";20
"online";20
"fratello";20
"famiglia";20
"intensiva";20
"volta";20
"rossa";20
"record";19
"chiuse";19
"social";19
"dalla";19
"negozi";19
"pazienti";19
"via";19
"bambini";19
"figlio";19
"italiano";19
"stop";19
"uomo";18
"polizia";18
"dalle";18
"controlli";18
"mesi";18
"terapia";18
"appello";18
"petrolio";18
"tamponi";18
"strada";18
"'";18
"piano";18
"aiuto";18
"al";17
"città";17
"tempi";17
"conte";17
"regione";17
"cittadini";17
"cosa";17
"ipotesi";17
"messaggio";17
"zona";17
"malati";17
"amici";17
"mare";16
"paese";16
"comune";16
"app";16
"sicurezza";16
"ora";16
"gente";16
"premier";16
"padre";16
"ultimi";15
"diritto";15
"protezione";15
"cassa";15
"integrazione";15
"medico";15
"anno";15
"contagiati";15
"ultima";15
"presidente";15
"piazza";15
"lavoratori";15
"gualtieri";15
"fondo";15
"civile";15
"attacco";14
"figlia";14
"nuove";14
"taglio";14
"case";14
"campo";14
"parte";14
"stipendi";14
"ministro";14
"prestiti";14
"choc";13
"discorso";13
"librerie";13
"fondi";13
"carabinieri";13
"vittima";13
"paziente";13
"sintomi";13
"punto";13
"ospedali";13
"domenica";13
"calo";13
"scuola";13
"economia";13
"grazie";13
"altri";13
"morte";13
"inizio";13
"sindaci";13
"positivo";13
"tasse";12
"polemiche";12
"nella";12
"immunità";12
"sanità";12
"agli";12
"pronto";12
"infermiera";12
"posti";12
"blocco";12
"cuore";12
"musica";12
"scontro";12
"animali";12
"ministero";12
"dramma";12
"cura";12
"comuni";12
"anticorpi";12
"errori";12
"picco";12
"ripresa";12
"mamma";12
"banche";12
"sierologici";11
"bonus";11
"residenze";11
"volte";11
"professionisti";11
"bisogno";11
"fan";11
"dipendenti";11
"sanitario";11
"settembre";11
"numeri";11
"metà";11
"milione";11
"carcere";11
"sfida";11
"pronta";11
"pandemia";11
"aria";11
"uso";11
"didattica";11
"tedeschi";11
"ordinanza";11
"polemica";10
"mese";10
"autonomi";10
"verità";10
"terapie";10
"bollettino";10
"news";10
"cose";10
"attività";10
"immagini";10
"madre";10
"bimbi";10
"reddito";10
"ponte";10
"possibile";10
"ritardo";10
"sole";10
"base";10
"buoni";10
"negli";10
"streaming";10
"caos";10
"difficile";10
"parole";10
"all";10
"provincia";10
"strade";10
"altre";10
"stampa";10
"futuro";10
"aumento";9
"riposo";9
"storie";9
"giro";9
"spostamenti";9
"nel";9
"annuncio";9
"sistema";9
"metri";9
"guardia";9
"malattia";9
"curva";9
"modello";9
"lettera";9
"post";9
"poteri";9
"guida";9
"arrivo";9
"soccorso";9
"giovane";9
"produzione";9
"croce";9
"farmaci";9
"giornalista";9
"donne";9
"pace";9
"ordine";9
"riaperture";9
"primi";9
"esperti";9
"salute";9
"condizioni";9
"eurobond";9
"debito";9
"errore";9
"crollo";9
"papà";9
"tilt";9
"tagli";9
"giugno";9
"garanzie";9
"denuncia";9
"linea";9
"servizio";9
"amore";8
"web";8
"crescita";8
"basso";8
"intensive";8
"mano";8
"solitudine";8
"balconi";8
"domicilio";8
"fiducia";8
"regola";8
"intesa";8
"migliaia";8
"dollari";8
"operatori";8
"virtuale";8
"code";8
"modo";8
"centro";8
"tedesco";8
"moglie";8
"sindacati";8
"salva";8
"moda";8
"soli";8
"media";8
"genitori";8
"legge";8
"nipote";8
"volontari";8
"multe";8
"infermiere";8
"farmaco";8
"domande";8
"intervista";8
"consigli";8
"boom";8
"unica";8
"ministri";8
"altro";8
"porti";8
"stabile";8
"marito";8
"estate";7
"replica";7
"gara";7
"centri";7
"conto";7
"agenti";7
"lunedì";7
"italiana";7
"fake";7
"soluzioni";7
"difficoltà";7
"donna";7
"febbre";7
"dello";7
"cultura";7
"riapertura";7
"pronti";7
"eroi";7
"libera";7
"viaggio";7
"cibo";7
"principe";7
"gesto";7
"stessi";7
"prova";7
"capo";7
"migliori";7
"deserta";7
"governatori";7
"film";7
"bar";7
"ufficiali";7
"cure";7
"intervento";7
"rapidi";7
"obbligo";7
"servizi";7
"battaglia";7
"mercati";7
"massa";7
"pubblico";7
"esame";7
"finale";7
"dell";7
"virologo";7
"lezioni";7
"ricoveri";7
"sanitari";7
"simbolo";7
"lezione";7
"priorità";7
"punti";7
"sola";7
"follia";7
"società";7
"maturità";7
"corsa";7
"onda";7
"matrimonio";7
"ricerca";7
"testa";7
"dolore";7
"venerdì";7
"furbetti";6
"patente";6
"gori";6
"progetto";6
"momento";6
"assessore";6
"idea";6
"restrizioni";6
"colpa";6
"tracciamento";6
"pubblica";6
"spiaggia";6
"universale";6
"gioco";6
"famiglie";6
"attacchi";6
"fuga";6
"strage";6
"minuti";6
"elicottero";6
"comitato";6
"guarita";6
"bilancio";6
"positiva";6
"solo";6
"stipendio";6
"mezzo";6
"grandi";6
"conti";6
"accesso";6
"fila";6
"divieti";6
"scudetto";6
"alta";6
"sogno";6
"posto";6
"personale";6
"periodo";6
"libero";6
"chiusi";6
"ristoranti";6
"prezzo";6
"occhiali";6
"force";6
"ritorno";6
"prossima";6
"laboratorio";6
"rianimazione";6
"agente";6
"patrimoniale";6
"tavolo";6
"proposta";6
"programma";6
"comunità";6
"ministra";6
"anziana";6
"voce";6
"mercato";6
"tampone";6
"effetto";6
"smog";6
"moneta";6
"giovani";6
"smartphone";6
"risposta";6
"direttore";6
"novità";6
"ammortizzatori";6
"problemi";6
"giornata";6
"fretta";6
"rischi";6
"bomba";6
"omicidio";6
"allenamenti";6
"olandese";6
"carta";6
"conferenza";6
"europeo";6
"accuse";6
"ricostruzione";6
"guanti";6
"edilizia";5
"coda";5
"acqua";5
"politica";5
"istituto";5
"calci";5
"aggiornamenti";5
"azienda";5
"ospiti";5
"boss";5
"lutto";5
"stranieri";5
"re";5
"colombe";5
"felice";5
"sperimentazione";5
"magia";5
"salvo";5
"fedeli";5
"utile";5
"prof";5
"lettere";5
"industria";5
"peggio";5
"omaggio";5
"chiusura";5
"ripartenza";5
"bufera";5
"veglia";5
"prezzi";5
"prime";5
"luce";5
"forza";5
"asintomatici";5
"concerto";5
"corsia";5
"cane";5
"guariti";5
"viminale";5
"immunologo";5
"sui";5
"luglio";5
"carne";5
"disabili";5
"esempio";5
"altra";5
"vigili";5
"lotta";5
"maxi";5
"festa";5
"gestione";5
"donazioni";5
"realtà";5
"beffa";5
"unico";5
"passo";5
"arte";5
"sbagliate";5
"silenzio";5
"normalità";5
"esercito";5
"mobilità";5
"cani";5
"secondi";5
"titoli";5
"attesa";5
"cerotto";5
"storico";5
"tragedia";5
"coronabond";5
"ombra";5
"mafie";5
"stretta";5
"bluff";5
"ragazzi";5
"valore";5
"nazionale";5
"voti";5
"tecnico";5
"ricoverati";5
"calciatori";5
"lite";5
"disoccupazione";5
"ira";5
"pugni";5
"ricetta";5
"violenza";5
"piccoli";5
"focolaio";5
"parenti";5
"risultati";5
"terremoto";5
"tweet";5
"strumenti";5
"europei";5
"poveri";5
"manager";5
"sussidi";5
"anticipo";5
"causa";5
"secondo";5
"aperto";5
"sangue";5
"puntata";5
"borse";5
"utenti";5
"club";5
"covid-19";5
"regime";5
"tosse";5
"voto";5
"europee";5
"fiscale";5
"cala";5
"fidanzata";5
"sorpresa";5
"contributo";5
"miliardo";5
"notte";5
"inchiesta";5
"uscita";5
"giocatori";5
"militari";5
"mattarella";5
"cartolerie";5
"fuoco";5
"ultimo";5
"consiglio";5
"forti";5
"turismo";4
"droni";4
"campionato";4
"fabbriche";4
"essenziali";4
"km";4
"scudo";4
"decisione";4
"divieto";4
"gentiloni";4
"soluzione";4
"data";4
"totale";4
"negativi";4
"situazione";4
"veloce";4
"controllo";4
"risposte";4
"concerti";4
"finestre";4
"unità";4
"contatti";4
"favore";4
"rom";4
"cavalli";4
"cancro";4
"politici";4
"sanzioni";4
"audio";4
"bordo";4
"tumore";4
"vacanza";4
"luoghi";4
"infetti";4
"discesa";4
"bimba";4
"esperimento";4
"reale";4
"università";4
"collaborazione";4
"tecnologia";4
"fragili";4
"oro";4
"disposizione";4
"indice";4
"globale";4
"anticiclone";4
"grave";4
"industriali";4
"asta";4
"chiesa";4
"seconde";4
"prove";4
"container";4
"bella";4
"cautela";4
"evento";4
"diritti";4
"acquisti";4
"rete";4
"uova";4
"nonni";4
"bimbo";4
"naufragio";4
"squadra";4
"sparso";4
"chiusa";4
"auguri";4
"chiusure";4
"fumo";4
"lunga";4
"gol";4
"piccola";4
"giallo";4
"inutile";4
"preti";4
"lenti";4
"riunione";4
"previsioni";4
"dubbi";4
"segreti";4
"tablet";4
"pezzo";4
"zampe";4
"traffico";4
"beni";4
"fondamentale";4
"occhi";4
"mossa";4
"sport";4
"tifosi";4
"messaggi";4
"ladri";4
"distanze";4
"possibili";4
"accertamenti";4
"dibattito";4
"pressing";4
"tappeto";4
"carceri";4
"americani";4
"viaggi";4
"falsi";4
"piccole";4
"irresponsabile";4
"carabiniere";4
"scienziati";4
"quotidiano";4
"tregua";4
"trincea";4
"fatica";4
"coraggio";4
"penale";4
"bello";4
"nero";4
"straordinario";4
"pieni";4
"sostegno";4
"utili";4
"bandiera";4
"anziano";4
"migliore";4
"matteo";4
"sconto";4
"impossibile";4
"memoria";4
"polmoni";4
"sugli";4
"senato";4
"virale";4
"movimenti";4
"nell";4
"revisione";4
"uomini";4
"svizzera";4
"progetti";4
"ondata";4
"racconto";4
"norme";4
"piena";4
"supermercato";4
"fiscali";4
"indagine";4
"ai";4
"domiciliari";4
"classe";4
"edizione";4
"sfogo";4
"caro";4
"clienti";4
"pollici";4
"limiti";4
"terzo";4
"europea";4
"corso";4
"molecola";4
"lusso";4
"petizione";4
"graduale";4
"offerta";4
"seconda";4
"affitto";4
"terza";4
"fronda";4
"nudo";4
"richieste";4
"perfetto";4
"caccia";4
"economica";4
"zone";4
"leader";4
"circolare";4
"passeggiate";4
"ironia";4
"pensioni";4
"dividendi";4
"sinistra";4
"viva";4
"studi";4
"restrittive";4
"burocrazia";4
"contratto";4
"apertura";4
"immigrati";4
"distanziamento";4
"economico";4
"strumento";4
"plastica";4
"ospite";4
"squadre";4
"rialzo";4
"aperte";4
"tutorial";4
"alti";4
"piedi";4
"droga";4
"balcone";4
"sabato";4
"mortalità";4
"tasso";4
"ricovero";4
"mafia";4
"terra";4
"fallimento";4
"repubblica";4
"raccolta";4
"galli";4
"buco";4
"corpo";4
"campi";4
"edicola";4
"nembro";4
"ostili";4
"obbligatorie";4
"blu";3
"folla";3
"decine";3
"agosto";3
"sospensione";3
"corrente";3
"trend";3
"multa";3
"devastante";3
"governatore";3
"capelli";3
"esperto";3
"potere";3
"pasta";3
"consumi";3
"pensione";3
"hotel";3
"turisti";3
"attore";3
"vicini";3
"metodo";3
"poliziotti";3
"limite";3
"atto";3
"artigianali";3
"tenebre";3
"coi";3
"popolo";3
"incinta";3
"esami";3
"viceministro";3
"maggioranza";3
"sondaggio";3
"voglia";3
"buio";3
"temporali";3
"bandiere";3
"eventi";3
"rabbia";3
"forma";3
"silenziosa";3
"preghiera";3
"arma";3
"senzatetto";3
"partito";3
"cantieri";3
"scientifico";3
"navi";3
"olfatto";3
"lavoratore";3
"weekend";3
"vacanze";3
"compagna";3
"selvatici";3
"povertà";3
"gruppo";3
"volo";3
"vuoti";3
"umanità";3
"pericolo";3
"libertà";3
"pm";3
"sportivo";3
"dottor";3
"volti";3
"autostrada";3
"grido";3
"concreta";3
"perdite";3
"autonomia";3
"occasione";3
"dirigenti";3
"pezzi";3
"prefetti";3
"virologa";3
"pasquale";3
"stime";3
"turni";3
"muro";3
"faccia";3
"cielo";3
"australiana";3
"pranzo";3
"privati";3
"chiese";3
"poesia";3
"amico";3
"scrittore";3
"ricordo";3
"deserte";3
"isola";3
"prefetto";3
"personal";3
"effetti";3
"bond";3
"francese";3
"linee";3
"credito";3
"consegne";3
"ambulanza";3
"domestici";3
"diffusione";3
"vivo";3
"collaterali";3
"rifiuti";3
"regia";3
"familiari";3
"estero";3
"rapporto";3
"avvocato";3
"selezione";3
"nome";3
"cantante";3
"pagelle";3
"politico";3
"roba";3
"fatti";3
"precedenti";3
"vento";3
"mediche";3
"pg";3
"colleghi";3
"stabili";3
"aerei";3
"italiane";3
"visita";3
"mamme";3
"sax";3
"assembramenti";3
"detenuti";3
"russo";3
"follower";3
"trasmissione";3
"coro";3
"fronte";3
"contributi";3
"violazione";3
"speciali";3
"domestica";3
"lavori";3
"cittadinanza";3
"mani";3
"spettatori";3
"dottore";3
"timori";3
"pratica";3
"sera";3
"plasma";3
"meteo";3
"caldo";3
"inglesi";3
"mistero";3
"vuota";3
"istituzioni";3
"rally";3
"intera";3
"scossa";3
"complottisti";3
"mondiale";3
"alto";3
"macchina";3
"tassi";3
"uscite";3
"aperti";3
"volontaria";3
"lega";3
"lombardi";3
"alimentare";3
"interno";3
"briciole";3
"ambiente";3
"deroghe";3
"corpi";3
"cadaveri";3
"trimestre";3
"giustizia";3
"ottobre";3
"sanitaria";3
"epidemie";3
"bagno";3
"sul";3
"innovazione";3
"frase";3
"sbotta";3
"clima";3
"ii";3
"papa";3
"indiscrezione";3
"sull";3
"stagione";3
"armi";3
"buon";3
"letterario";3
"colloquio";3
"rosse";3
"terribile";3
"ufficio";3
"udienze";3
"fascia";3
"raddoppiati";3
"forte";3
"party";3
"privacy";3
"time";3
"infezione";3
"libro";3
"enorme";3
"opposizioni";3
"incertezza";3
"porte";3
"importante";3
"jogging";3
"colpo";3
"emissioni";3
"forme";3
"popolazione";3
"sacrifici";3
"autore";3
"proteggersi";3
"dio";3
"stessa";3
"serata";3
"nera";3
"stagionali";3
"ventilatori";3
"genitore";3
"rapine";3
"pagamento";3
"sbarchi";3
"tutela";3
"suicidio";3
"esclamativo";3
"col";3
"caratteristiche";3
"perdita";3
"decisiva";3
"amante";3
"vite";3
"introvabili";3
"maglie";3
"letti";3
"inglese";3
"medie";3
"travaglio";3
"quadro";3
"veri";3
"commissione";3
"tricolore";3
"falsità";3
"scelta";3
"set";3
"ansia";3
"porto";3
"debiti";3
"strategiche";3
"fame";3
"centrodestra";3
"trattativa";3
"tifo";3
"richiesta";3
"fantasma";3
"accoglienza";3
"figlie";3
"show";3
"telefona";3
"colposa";3
"identità";3
"elettronica";3
"vergogna";3
"bare";3
"mezzi";3
"altezza";3
"processo";3
"quarta";3
"stretto";3
"pubblici";3
"gatto";3
"letalità";3
"corto";3
"sesso";3
"centeno";3
"sociale";3
"danza";3
"giovedì";3
"supporto";3
"clorochina";3
"spese";3
"fallo";3
"ritardi";3
"collega";3
"turbativa";3
"arresto";3
"premio";3
"velocità";3
"finanziamenti";3
"rallentamento";3
"aula";3
"vero";3
"limoni";3
"spread";3
"struttura";3
"generazione";3
"sicuri";3
"incremento";3
"gennaio";3
"sileri";3
"pagamenti";3
"ecatombe";3
"disorientante";3
"sciarpe";3
"vista";2
"bollino";2
"fidanzato";2
"politiche";2
"romanista";2
"danni";2
"elettrica";2
"gas";2
"superiore";2
"notifica";2
"mortale";2
"influenza";2
"norma";2
"pena";2
"pusher";2
"sprint";2
"reti";2
"ossessione";2
"indispensabile";2
"lombardo";2
"comando";2
"mafioso";2
"sofferenza";2
"mappa";2
"erogazione";2
"infettivologo";2
"alternative";2
"passi";2
"jet";2
"sportiva";2
"comportamento";2
"indicazioni";2
"associazioni";2
"alimentari";2
"folle";2
"preoccupato";2
"''";2
"partenze";2
"barcone";2
"telefonate";2
"malata";2
"scoperti";2
"centinaia";2
"segni";2
"protesta";2
"fontana";2
"professor";2
"duro";2
"messa";2
"pallanuoto";2
"ferme";2
"valutazione";2
"efficacia";2
"dubbio";2
"studenti";2
"alberto";2
"produttori";2
"estrazioni";2
"operatore";2
"grandinate";2
"salvi";2
"visite";2
"tetti";2
"sede";2
"iniziative";2
"strategie";2
"fermo";2
"rosso";2
"voci";2
"russa";2
"divisa";2
"pasticcere";2
"drone";2
"dato";2
"consecutivo";2
"temporale";2
"precari";2
"arterie";2
"isolati";2
"dimesso";2
"poesie";2
"strategia";2
"lecce";2
"«";2
"egoismi";2
"sbarco";2
"furioso";2
"giardino";2
"alcol";2
"severe";2
"vuoto";2
"abiti";2
"rigorosi";2
"stanco";2
"epocale";2
"bambino";2
"chilometri";2
"giunta";2
"legale";2
"miracolo";2
"collo";2
"campione";2
"problema";2
"agnello";2
"nozze";2
"bellezza";2
"orgoglioso";2
"calamità";2
"dem";2
"fondazioni";2
"nascosto";2
"no";2
"aperture";2
"quadri";2
"cliente";2
"tech";2
"fermarci";2
"movimento";2
"(";2
"intero";2
"speranze";2
"certezze";2
"concittadini";2
"furia";2
"sentimento";2
"consenso";2
"regionali";2
"redazione";2
"presentazione";2
"militare";2
"stesso";2
"soldati";2
"liberi";2
"menu";2
"appartamento";2
"iniziativa";2
"bufale";2
"polveri";2
"sottili";2
"pratiche";2
"tutelarli";2
"reali";2
"anima";2
"suocero";2
"assegno";2
"geniale";2
"poliziotto";2
"esemplare";2
"passeggio";2
"significato";2
"alibi";2
"risparmi";2
"informazione";2
"turno";2
"rimborso";2
"light";2
"margine";2
"pasti";2
"guardie";2
"imposte";2
"sorella";2
"tecnici";2
"addio";2
"lupetto";2
"maggiore";2
"patologie";2
"bambina";2
"guarigioni";2
"accusa";2
"focolai";2
"eroe";2
"gregge";2
"computer";2
"animalisti";2
"rifiuto";2
"criminalità";2
"cabina";2
"collasso";2
"blocchi";2
"completo";2
"tribunale";2
"decreti";2
"ingorgo";2
"generale";2
"commerciali";2
"ballerino";2
"finalisti";2
"commessa";2
"supermarket";2
"diario";2
"attenzione";2
"adolescenti";2
"aree";2
"netflix";2
"ricette";2
"sms";2
"evoluzione";2
"ferma";2
"appiattirsi";2
"efficace";2
"timelapse";2
"uccelli";2
"coppie";2
"jazz";2
"domiciliare";2
"compleanno";2
"deroga";2
"lista";2
"rivolta";2
"penitenziari";2
"pesta";2
"aggressione";2
"report";2
"macchinari";2
"spettacoli";2
"live";2
"scusa";2
"contrari";2
"internazionale";2
"fiori";2
"istruzioni";2
"pacchi";2
"spagnoli";2
"evidenze";2
"spiegazioni";2
"sony";2
"auricolari";2
"stati";2
"bianco";2
"scarpe";2
"italy";2
"ricercatori";2
"supermercati";2
"trucchi";2
"giudice";2
"imbarazzo";2
"disastro";2
"nonno";2
"piccioni";2
"aghi";2
"fratelli";2
"sudcoreano";2
"tsunami";2
"affetto";2
"impresa";2
"fredda";2
"tabù";2
"idioti";2
"primavera";2
"giochi";2
"museo";2
"scatola";2
"flop";2
"abitazioni";2
"studentessa";2
"urlo";2
"facile";2
"drammatiche";2
"immune";2
"lungo";2
"trasporti";2
"esistenza";2
"magnitudo";2
"scorta";2
"passato";2
"senatore";2
"protagonista";2
"volto";2
"ceneri";2
"trattato";2
"detenuto";2
"siciliano";2
"stanza";2
"triste";2
"moto";2
"profughi";2
"invidiosa";2
"parcheggio";2
"dura";2
"partigiano";2
"corte";2
"condanna";2
"obblighi";2
"bianca";2
"patronati";2
"catastrofe";2
"passeggeri";2
"sarte";2
"cimitero";2
"iscritti";2
"locali";2
"procedure";2
"crematorio";2
"attrice";2
"documento";2
"associazione";2
"vendite";2
"arbitro";2
"abusivo";2
"pietà";2
"riaperti";2
"intellettuali";2
"guerre";2
"tesoro";2
"responsabili";2
"istruzione";2
"compiti";2
"abbraccio";2
"dorata";2
"world";2
"confini";2
"incidente";2
"verdura";2
"critico";2
"digitale";2
"superiori";2
"gradi";2
"nevrosi";2
"materiale";2
"segreto";2
"rimbalzo";2
"responsabilità";2
"docenti";2
"candeggina";2
"obbligatorio";2
"indigenti";2
"fascicolo";2
"impegno";2
"fondazione";2
"dure";2
"sentirci";2
"operai";2
"umiltà";2
"momenti";2
"difficili";2
"urla";2
"hacker";2
"accessi";2
"rissa";2
"piacere";2
"sportivi";2
"persona";2
"sacrificio";2
"medicina";2
"rigore";2
"reazioni";2
"honor";2
"bocca";2
"motivi";2
"ciao";2
"rientro";2
"nonna";2
"settore";2
"appuntamento";2
"fisso";2
"freddo";2
"schede";2
"doping";2
"contaminazione";2
"ricorso";2
"goccioline";2
"palazzine";2
"vivi";2
"attrezzature";2
"difesa";2
"primario";2
"chiaro";2
"mancanza";2
"ragazze";2
"neutro";2
"attenti";2
"piccolo";2
"riduzione";2
"manuale";2
"favole";2
"figure";2
"sfondo";2
"dolorose";2
"depressione";2
"scomparsa";2
"ribasso";2
"allentamento";2
"pasto";2
"tasca";2
"crimi";2
"vendita";2
"ordini";2
"esigenze";2
"banca";2
"tridico";2
"click";2
"residenza";2
"pasticcio";2
"documentario";2
"commercianti";2
"segreta";2
"obiettivo";2
"shock";2
"sanitarie";2
"letale";2
"sierologico";2
"sensazionalismo";2
"chiara";2
"successo";2
"ciclismo";2
"ventilatore";2
"polmonare";2
"burioni";2
"contrario";2
"giornalismo";2
"carattere";2
"albergo";2
"rotta";2
"affitti";2
"marchio";2
"cifre";2
"venditori";2
"terremotati";2
"casette";2
"agricoli";2
"domanda";2
"cellulare";2
"partecipazione";2
"incubo";2
"cocaina";2
"minuto";2
"segno";2
"ossigeno";2
"tunnel";2
"calendario";2
"spaziale";2
"vauro";2
"rapido";2
"tuta";2
"contagiosi";2
"scaletta";2
"mezza";2
"don";2
"gusto";2
"spia";2
"giornali";2
"ottimista";2
"piloti";2
"dossier";2
"positive";2
"ca";2
"iannone";2
"farlo";2
"costi";2
"videochiamata";2
"lenta";2
"approvarlo";2
"pressioni";2
"semplice";2
"certezza";2
"ossa";2
"dallo";2
"discorsi";2
"dj";2
"m";2
"urne";2
"funebri";2
"sfilate";2
"rottura";2
"pieno";2
"ragione";2
"ristorante";2
"furiosi";2
"stress";2
"britannici";2
"epicentro";2
"discoteche";2
"necessari";2
"pile";2
"fedez";2
"frasi";2
"proposte";2
"slogan";2
"privata";2
"protezioni";2
"casse";2
"imprenditori";2
"procuratore";2
"portavoce";2
"temperature";2
"amaro";2
"vera";2
"pericoloso";2
"onore";2
"assistenza";2
"influencer";2
"chirurgia";2
"pasticcerie";2
"aperta";2
"credenti";2
"morale";2
"rimpianti";2
"cime";2
"critica";2
"sforzi";2
"senatrici";2
"nomi";2
"cognomi";2
"cult";2
"avessimo";2
"modifica";2
"grosso";2
"imperdonabili";2
"commovente";2
"gravi";2
"porta";2
"colposo";2
"sardine";2
"insulti";2
"gatti";2
"indennità";2
"esodo";2
"menzogne";2
"disinfettanti";2
"task";2
"motore";2
"segnalate";2
"abito";2
"pioppi";2
"mancata";2
"incontro";2
"leghista";2
"runner";2
"scandalo";2
"schiaffo";2
"procura";2
"prato";2
"prossime";2
"gel";2
"funzioni";2
"anestesista";2
"carico";2
"dieta";2
"presidenza";2
"orme";2
"superfici";2
"tartufesco";2
"palestre";2
"contagiato";2
"robot";2
"infinita";2
"finestra";2
"fossa";2
"vittoria";2
"sindone";2
"oggetti";2
"caffè";2
"neoliberismo";2
"blindata";2
"digitali";2
"poeta";2
"storiche";2
"monouso";2
"business";2
"procure";2
"rivelazione";2
"compromesso";2
"spegne";2
"piene";2
"santi";2
"livello";2
"vicino";2
"cinema";2
"ozono";2
"arresti";2
"denunce";2
"scaffale";2
"tedesca";2
"scia";2
"scena";2
"disumano";2
"sigaretta";2
"​";2
"vertice";2
"nidi";2
"messina";2
"vicina";2
"federazione";2
"cauzione";2
"opere";2
"contatto";2
"indimenticabili";2
"elezioni";2
"socialista";2
"finanza";2
"truffa";2
"pastiera";2
"telefono";2
"creazione";2
"vincitrice";2
"8";2
"chef";2
"investe";2
"farsi";2
"scorso";2
"furgone";2
"nord";2
"delibera";2
"mercoledì";2
"misura";2
"minacce";2
"risorsa";2
"breve";2
"sociali";2
"primarie";2
"belle";2
"sicuro";2
"beneficenza";2
"working";2
"asili";2
"tappe";2
"generazioni";2
"residenti";2
"concorrenti";2
"segretario";2
"scienza";2
"magica";2
"rimandato";2
"pugile";2
"nemici";2
"stile";2
"step";2
"arancione";2
"chiuso";2
"pacchetto";2
"normale";2
"garanzia";2
"bufala";2
"morto";2
"puerili";2
"diffamatori";2
"chiarezza";2
"parchi";2
"orso";2
"cardinale";2
"bilico";2
"potenza";2
"scalate";2
"rinvio";2
"gratuita";2
"20mila";2
"iena";2
"proibito";2
"fortuna";2
"ferie";2
"dicembre";2
"palestra";2
"signora";2
"palme";2
"golden";2
"ottimi";2
"ampio";2
"clausola";1
"ingresso";1
"orari";1
"idee";1
"prossimità";1
"treno";1
"monte";1
"diabete";1
"stangata";1
"governi";1
"trasgressori";1
"fuochi";1
"artificio";1
"velivolo";1
"policlinico";1
"genere";1
"conforto";1
"ambulanze";1
"pari";1
"forniture";1
"favorevole";1
"simula";1
"pugnalarsi";1
"forbici";1
"diurni";1
"rapida";1
"accredito";1
"morsi";1
"abusi";1
"sessuali";1
"collaboratrice";1
"​salvini";1
"parere";1
"bottiglie";1
"cantine";1
"lievito";1
"nomine";1
"licenziato";1
"critiche";1
"pietre";1
"calcoli";1
"thailandese";1
"irriconoscibile";1
"conquista";1
"roadster";1
"leggera";1
"43enne";1
"ucciso";1
"ossessivo";1
"vessatorio";1
"incredibili";1
"offensiva";1
"difese";1
"corteo";1
"radici";1
"scampia";1
"equo";1
"trasparente";1
"disegni";1
"motoria";1
"applicazione";1
"limpida";1
"aggressivo";1
"popoli";1
"-1853406.html";1
"multati";1
"pelle";1
"sana";1
"solare";1
"raggi";1
"nocivi";1
"grafia";1
"rovinarci";1
"medica";1
"prospettive";1
"netto";1
"ombrelloni";1
"consistente";1
"superdiffusori";1
"condizionatori";1
"climatizzatori";1
"elegante";1
"locale";1
"chiappa";1
"pantaloni";1
"verticale";1
"deriva";1
"protocolli";1
"adagio";1
"contact";1
"tracing";1
"presente";1
"controllabile";1
"cattiverie";1
"livella";1
"uguali";1
"analfabeti";1
"atenei";1
"continua";1
"consulte";1
"artificiosa";1
"sciatteria";1
"quarantene";1
"entroterra";1
"benvenuti";1
"gemelli";1
"limitati";1
"uffici";1
"firma";1
"trimestrali";1
"autogol";1
"quotazioni";1
"trump";1
"rigide";1
"toscani";1
"eclatanti";1
"spazi";1
"emozioni";1
"adulti";1
"disagio";1
"tenersi";1
"avanti";1
"parroco";1
"riciclo";1
"materie";1
"differenziata";1
"logistica";1
"spirituale";1
"deceduti";1
"riviera";1
"ligure";1
"tennis";1
"bavaresi";1
"concubine";1
"anticoagulanti";1
"irriducibile";1
"costiera";1
"ubriaca";1
"ampezzo";1
"assalto";1
"grigliata";1
"laser";1
"poltrona";1
"desolata";1
"deserto";1
"clinicamente";1
"avvocata";1
"apposite";1
"testimonianza";1
"sintomo";1
"importantissimo";1
"bellezze";1
"alternativa";1
"oasi";1
"natura";1
"°";1
"fattore";1
"+269";1
"negativo";1
"salario";1
"dolci";1
"dimissione";1
"egoisti";1
"ascoltatori";1
"grado";1
"prenotate";1
"estive";1
"scivoloni";1
"confessione";1
"tè";1
"biscotti";1
"45enne";1
"pregiudicato";1
"stanca";1
"cesareo";1
"leggenda";1
"automobilismo";1
"zebra";1
"cucciolo";1
"particolare";1
"inaspettato";1
"45enni";1
"discontinuità";1
"vincenti";1
"ceste";1
"sospese";1
"dentro";1
"regali";1
"metta";1
"materia";1
"antimateria";1
"telelavoro";1
"afroamericani";1
"latini";1
"bianchi";1
"azzannato";1
"notai";1
"europa";1
":";1
"non";1
"ribelle";1
"grigliate";1
"fughe";1
"lido";1
"militanti";1
"cognome";1
"rinunce";1
"attaccamento";1
"cieli";1
"aquila";1
"cruciverba";1
"imbecilli";1
"organizzano";1
"disabitato";1
"invasione";1
"retta";1
"complici";1
"infinito";1
"motivo";1
"pilota";1
"innovative";1
"salvati";1
"nave";1
"albertosi";1
"leggende";1
"chiederli";1
"testimoni";1
"file";1
"celebrazione";1
"penitenziale";1
"vulcano";1
"colonna";1
"spettacolari";1
"interessi";1
"legalità";1
"modifiche";1
"conversione";1
"tirata";1
"esperienza";1
"fenomeno";1
"brocco";1
"arco";1
"derby";1
"fumogeno";1
"capoluogo";1
"statua";1
"curo";1
"soffro";1
"costolette";1
"plin";1
"fave";1
"pecorino";1
"destinazioni";1
"casatiello";1
"napoletano";1
"avermi";1
"benedizione";1
"pausa";1
"here";1
"vacanzieri";1
"protagonisti";1
"rombo";1
"tuono";1
"confessioni";1
"comunioni";1
"ricoveriamoli";1
"sospiri";1
"propaganda";1
"pellicani";1
"pensatore";1
"eretico";1
"gite";1
"milionarie";1
"invisibili";1
"tutele";1
"stagioni";1
"psicosi";1
"triplo";1
"lutti";1
"angosciati";1
"custodi";1
"golf";1
"allenandomi";1
"istituti";1
"disperata";1
"telefonata";1
"matematico";1
"decisivo";1
"conforti";1
"americano";1
"necessario";1
"in";1
"amori";1
"azzurra";1
"frena";1
"buia";1
"portoghese";1
"onesti";1
"passione";1
"conversioni";1
"fulmini";1
"gravidanze";1
"segrete";1
"liturgia";1
"psichici";1
"crescente";1
"​gualtieri";1
"lucana";1
"raccolte";1
"istinti";1
"nazionalisti";1
"scoperta";1
"antiparassitario";1
"ricavi";1
"rosario";1
"sindaca";1
"affollata";1
"irresponsabili";1
"trombonisti";1
"database";1
"notiziario";1
"rubinetto";1
"smontate";1
"suini";1
"bovini";1
"agronomiche";1
"attente";1
"giravolte";1
"bugie";1
"tossicità";1
"fondamentalismo";1
"religioso";1
"indiano";1
"dettagli";1
"portale";1
"principessa";1
"educazione";1
"cifra";1
"apprezzato";1
"avversario";1
"banalità";1
"piemontese";1
"colpita";1
"52enne";1
"denunciata";1
"grossa";1
"paesaggio";1
"preciso";1
"immagine";1
"passanti";1
"coltello";1
"visibilità";1
"stadi";1
"acciaio";1
"mandatemi";1
"rapina";1
"sardina";1
"contenuti";1
"dirigenza";1
"arcuri";1
"videomessaggio";1
"deboli";1
"europeista";1
"laburisti";1
"loop";1
"manovra";1
"percezione";1
"maggiori";1
"trionfo";1
"categoria";1
"bipolare";1
"staffette";1
"abbandono";1
"randagismo";1
"prendiamola";1
"filosofia";1
"concorso";1
"spintone";1
"ingressi";1
"scenari";1
"ammalarsi";1
"ruolo";1
"angoscia";1
"trattarsi";1
"fisco";1
"maledizione";1
"mucchio";1
"buone";1
"prestito";1
"tripla";1
"coesione";1
"sampietrini";1
"erba";1
"tessuti";1
"inquinamento";1
"illimitati";1
"ue";1
"immobile";1
"alunno";1
"contrappeso";1
"temi";1
"ambientali";1
"escandescenze";1
"anacronistico";1
"sterline";1
"bancario";1
"manovalanza";1
"occulta";1
"umana";1
"infiltrazioni";1
"mafiose";1
"assicurazioni";1
"stradali";1
"l'82";1
"difetto";1
"comunicazione";1
"incerta";1
"viverlo";1
"elevato";1
"accorpamento";1
"assemblea";1
"maschera";1
"rimpasto";1
"sciacallaggio";1
"sindrome";1
"bancarelle";1
"postina";1
"suono";1
"assicurazione";1
"ucraini";1
"condivisa";1
"english";1
"version";1
"graduali";1
"scontri";1
"tendenza";1
"frutto";1
"soggetti";1
"letteratura";1
"programmi";1
"bimbe";1
"soffio";1
"farvi";1
"salvata";1
"vetta";1
"allenamento";1
"sexy";1
"terrazzo";1
"angeli";1
"filo";1
"femministe";1
"aborto";1
"agenzie";1
"area";1
"league";1
"ingaggio";1
"cantiere";1
"pressione";1
"notorietà";1
"appalto";1
"mito";1
"giornate";1
"fruibile";1
"gestionale";1
"busta";1
"romeno";1
"neoliberistico";1
"star";1
"ematologia";1
"apparecchi";1
"chiarimento";1
"indimenticabile";1
"comunisti";1
"girone";1
"disperati";1
"ginecologica";1
"prevenzione";1
"diplomatico";1
"confessore";1
"spaziali";1
"lago";1
"consulenti";1
"note";1
"giornale";1
"edicole";1
"disponibili";1
"cervello";1
"urgenza";1
"straniero";1
"massimi";1
"eurozona";1
"pil";1
"singole";1
"anonima";1
"voucher";1
"sostituzione";1
"biglietti";1
"assomusica";1
"reati";1
"maltrattati";1
"abitudini";1
"punta";1
"mattino";1
"cattiva";1
"guerini";1
"inopportuni";1
"espressione";1
"costo";1
"maire";1
"tastiera";1
"fisica";1
"operativo";1
"pignoramenti";1
"videogioco";1
"coding";1
"ammainata";1
"cavie";1
"impresario";1
"funebre";1
"wireless";1
"parete";1
"ficus";1
"burocrati";1
"sostenitori";1
"15mila";1
"commento";1
"camice";1
"opzione";1
"sviluppati";1
"circo";1
"massimo";1
"sicure";1
"istruttoria";1
"presunti";1
"diagnosi";1
"elettrovalvole";1
"assenze";1
"remoto";1
"sommersa";1
"addetto";1
"operaio";1
"investitori";1
"esteri";1
"lettore";1
"multimediale";1
"americana";1
"impensabile";1
"maledetto";1
"commercialista";1
"doc";1
"fiction";1
"liquidi";1
"femminili";1
"antenati";1
"antico";1
"del";1
"family";1
"antonino";1
"parlamentare";1
"fondatori";1
"legislature";1
"democratica";1
"catalfo";1
"microbiologo";1
"capitolo";1
"aleatori";1
"autolesionismo";1
"inversione";1
"paradosso";1
"pizzeria";1
"cliché";1
"contenziosi";1
"crociata";1
"acrobazie";1
"vere";1
"professioniste";1
"ripeterlo";1
"commentatore";1
"esplicita";1
"uovo";1
"brividi";1
"retromarcia";1
"castello";1
"sale";1
"slot";1
"potenziale";1
"biologia";1
"nido";1
"opera";1
"platea";1
"ridicole";1
"spot";1
"legali";1
"sconti";1
"cause";1
"sbandate";1
"sospensioni";1
"domino";1
"ulteriore";1
"vademecum";1
"15enne";1
"compagni";1
"corridoi";1
"orecchie";1
"conseguenze";1
"paragoni";1
"pistola";1
"inquieto";1
"scurati";1
"eroismo";1
"corsi";1
"recupero";1
"bazooka";1
"annunziata";1
"improvvisazione";1
"facciata";1
"risotti";1
"criptico";1
"sincero";1
"scatto";1
"tecnica";1
"ritratto";1
"salvadanaio";1
"procedura";1
"pensieri";1
"significativo";1
"funzionamento";1
"universitario";1
"quotidianità";1
"gioielli";1
"fatturato";1
"paletti";1
"concentrata";1
"commerciale";1
"stupido";1
"bassi";1
"asilo";1
"positività";1
"ignorante";1
"esuberi";1
"prepensionamenti";1
"vicepresidente";1
"ceca";1
"ricollocamenti";1
"commissari";1
"armatore";1
"onorato";1
"aziendali";1
"minaccia";1
"rimetterci";1
"ceppo";1
"cinese";1
"assunzione";1
"seri";1
"incognite";1
"tassista";1
"divertimento";1
"orale";1
"reparto";1
"casello";1
"scaglioni";1
"ricevute";1
"ospizi";1
"diventato";1
"pugliese";1
"conservazione";1
"specie";1
"aspetto";1
"dior";1
"sartoria";1
"integra";1
"musulmani";1
"islamico";1
"albero";1
"il";1
"brani";1
"rinegoziazione";1
"enti";1
"verifiche";1
"effettivo";1
"refresh";1
"rate";1
"hz";1
"gaming";1
"vedova";1
"barista";1
"pancione";1
"sapone";1
"villa";1
"panificio";1
"pane";1
"fiordaliso";1
"privato";1
"fondamentali";1
"malcontento";1
"fiamme";1
"multata";1
"galera";1
"faccenda";1
"nazismo";1
"domeniche";1
"bestiali";1
"spogliatoio";1
"autobus";1
"parcheggiatore";1
"pazzo";1
"presentimento";1
"brevi";1
"presa";1
"server";1
"contattateci";1
"titolo";1
"illese";1
"tb";1
"interna";1
"panico";1
"karaoke";1
"richiusi";1
"congiunto";1
"economisti";1
"ictus";1
"cerebrale";1
"calmi";1
"maghetto";1
"inquilini";1
"sciopero";1
"verdi";1
"divisioni";1
"consegna";1
"alimenti";1
"ultraottantenne";1
"palio";1
"eccellenti";1
"noncuranti";1
"lettura";1
"ascolto";1
"sarete";1
"analisi";1
"gesuita";1
"conclusione";1
"semifinale";1
"monologo";1
"gelato";1
"ostilità";1
"empatica";1
"battitura";1
"indulto";1
"autocertificazione";1
"doni";1
"innovation";1
"inventori";1
"abominevole";1
"autismo";1
"comportamenti";1
"necessarie";1
"massime";1
"​matrimonio";1
"irruzione";1
"comprano";1
"protettivo";1
"ordina";1
"finto";1
"gaffe";1
"incorvaia";1
"manicomi";1
"rettifica";1
"carneficina";1
"confronti";1
"supplenti";1
"box";1
"alpini";1
"gargarismi";1
"punture";1
"zanzara";1
"tubercolosi";1
"incastro";1
"gruppi";1
"ente";1
"accreditamento";1
"mente";1
"stilisti";1
"fatturati";1
"camera";1
"ingenti";1
"apripista";1
"patenti";1
"conferme";1
"gestiti";1
"territorio";1
"falla";1
"mitomane";1
"junk";1
"pensionato";1
"matto";1
"traghetti";1
"clic";1
"atleti";1
"sportive";1
"sufficienti";1
"proteste";1
"comunicazioni";1
"attuale";1
"isteria";1
"ignoranza";1
"abissale";1
"tema";1
"interesse";1
"nascondino";1
"élite";1
"scambi";1
"parlamentari";1
"​727";1
"90enne";1
"respiratore";1
"untori";1
"torneo";1
"centrali";1
"azionisti";1
"rilevanti";1
"saliva";1
"infetta";1
"bassa";1
"batteria";1
"mah";1
"benessere";1
"fdi";1
"patriottico";1
"false";1
"ovest";1
"oceano";1
"propagarsi";1
"ricchezza";1
"disastri";1
"strani";1
"comunitario";1
"29enne";1
"canzone";1
"trovata";1
"indignazione";1
"britannico";1
"80enni";1
"tedesche";1
"scontrosa";1
"incentivi";1
"statali";1
"addominali";1
"coma";1
"farmacologico";1
"violata";1
"guerriera";1
"gravissima";1
"giudici";1
"informarsi";1
"duo";1
"predatore";1
"starnuto";1
"nuvola";1
"infette";1
"resiste";1
"estratti";1
"macerie";1
"sting";1
"aifa";1
"sovraffollamento";1
"atterraggio";1
"pagina";1
"utente";1
"esplosione";1
"vive";1
"sans";1
"parola";1
"greco";1
"male";1
"falso";1
"involontarietà";1
"salvavita";1
"criminologi";1
"russi";1
"clinici";1
"avvocati";1
"occupati";1
"guardarti";1
"incompleto";1
"segnalazioni";1
"lettori";1
"plateau";1
"alleati";1
"dilemma";1
"ricoverato";1
"avervi";1
"varie";1
"spugna";1
"azione";1
"distillato";1
"saggezza";1
"colpite";1
"giapponese";1
"veicoli";1
"transizione";1
"attuali";1
"facili";1
"ottimismi";1
"galateo";1
"riunioni";1
"chat";1
"cig";1
"voio";1
"rassicura";1
"informativa";1
"damellis";1
"corna";1
"inevitabili";1
"intasamenti";1
"montezemolo";1
"veronica";1
"infrastrutture";1
"distanti";1
"loghi";1
"congedo";1
"parentale";1
"impressione";1
"canzoni";1
"dischi";1
"adatti";1
"discriminateli";1
"paurosi";1
"palazzi";1
"impotenza";1
"ignorino";1
"lobbisti";1
"presidio";1
"condizione";1
"pagine";1
"centrale";1
"miracolose";1
"deficit";1
"metro";1
"sud";1
"day";1
"colpiti";1
"belli";1
"vincoli";1
"duchessa";1
"mielosa";1
"prossimo";1
"enigma";1
"cococo";1
"5s";1
"13enne";1
"soffriva";1
"piani";1
"superato";1
"attenta";1
"panariello";1
"carità";1
"polmonari";1
"banchieri";1
"visioni";1
"diverse";1
"competitiva";1
"sovrappopolazione";1
"invecchiamento";1
"passeggiata";1
"eleganti";1
"camicia";1
"cravatta";1
"felpe";1
"suicidi";1
"rione";1
"sfogarci";1
"19enne";1
"respiratoria";1
"camminata";1
"rifugio";1
"mini";1
"commissario";1
"39milioni";1
"consegnate";1
"décolleté";1
"florido";1
"impennata";1
"libretto";1
"applauso";1
"testamento";1
"destino";1
"lombarda";1
"cuneo";1
"nominale";1
"varriale";1
"profumo";1
"fiscalità";1
"ridursi";1
"delusione";1
"ecologista";1
"bresciani";1
"temporaneo";1
"croceristi";1
"accettabile";1
"rialzarci";1
"eliminateli";1
"fatture";1
"temporanee";1
"ricchi";1
"famosi";1
"ghigliottina";1
"odiatori";1
"fiamma";1
"girl";1
"strangola";1
"tempesta";1
"sessuale";1
"46enne";1
"distribuzione";1
"traffici";1
"strana";1
"videoconfronto";1
"12enne";1
"portiere";1
"propulsione";1
"idrogeno";1
"eliambulanze";1
"semplificato";1
"astronauta";1
"sullo";1
"vieni";1
"facevo";1
"insieme";1
"c";1
"ufficiale";1
"convivenza";1
"goccia";1
"aereo";1
"camion";1
"marea";1
"sfratti";1
"discriminazione";1
"vegani";1
"gravità";1
"scrivi";1
"terrazzino";1
"scale";1
"semestre";1
"cosparsi";1
"presunto";1
"infusioni";1
"iperimmune";1
"buona";1
"39enne";1
"malgioglio";1
"commosso";1
"guarigione";1
"lacrime";1
"camp";1
"sconsiderata";1
"fiera";1
"nona";1
"virtù";1
"misteri";1
"scellerati";1
"”";1
"assassina";1
"gran";1
"tariffe";1
"arrenderci";1
"strutture";1
"matematica";1
"osceni";1
"scorte";1
"mettersi";1
"espella";1
"contenimento";1
"sacco";1
"giocatore";1
"damae";1
"orto";1
"terapeutico";1
"cardiaco";1
"contento";1
"signor";1
"miniera";1
"cauto";1
"listini";1
"asiatici";1
"parità";1
"manifatturiero";1
"lancio";1
"pensabile";1
"pronato";1
"senso";1
"contingentamento";1
"svolta";1
"running";1
"salita";1
"urbano";1
"tristezza";1
"anticorporali";1
"avventate";1
"showgirl";1
"rotte";1
"comunali";1
"compagno";1
"funzioneranno";1
"famoso";1
"comandi";1
"manichini";1
"cuoco";1
"stesse";1
"vip";1
"minimo";1
"commenti";1
"allungamento";1
"conduttrice";1
"timore";1
"rivolte";1
"saccheggi";1
"dolorosa";1
"alcolici";1
"violenze";1
"metropoli";1
"pianto";1
"radio";1
"popolare";1
"colazione";1
"borgo";1
"belga";1
"doveri";1
"sonno";1
"metodi";1
"notti";1
"mezzanone";1
"incendio";1
"ghetto";1
"defunti";1
"firmate";1
"infortunio";1
"tragitto";1
"tour";1
"musei";1
"estorsori";1
"scaglionata";1
"bollette";1
"comunista";1
"piazze";1
"vuote";1
"boeri";1
"narcos";1
"medaglia";1
"bronzo";1
"rinuncia";1
"etica";1
"compensi";1
"coltelli";1
"ring";1
"gala";1
"cinerarie";1
"artista";1
"dichiarazione";1
"secolo";1
"carabine";1
"roll";1
"disperazione";1
"pulci";1
"allenatori";1
"salme";1
"allenatore";1
"lancette";1
"pennarello";1
"prodotti";1
"bergamasca";1
"produttive";1
"confronto";1
"quota";1
"veterinari";1
"varechina";1
"vicine";1
"prelato";1
"residente";1
"infetto";1
"solenghi";1
"orgogliosi";1
"sorelline";1
"campagna";1
"coordinamento";1
"onoranze";1
"veicolo";1
"private";1
"massiccio";1
"sottile";1
"condivide";1
"abuso";1
"istanza";1
"disposizioni";1
"monitoraggio";1
"formula";1
"vitamina";1
"ginocchio";1
"rimedio";1
"passaggi";1
"reclusione";1
"costituente";1
"primaverili";1
"prandelli";1
"turistiche";1
"eparina";1
"prudenza";1
"diversa";1
"criticità";1
"clip";1
"integrale";1
"vino";1
"82enne";1
"inno";1
"gioia";1
"magazzini";1
"istutizioni";1
"drammatico";1
"indipendenti";1
"pramaturo";1
"contentino";1
"libraccio";1
"ironici";1
"disabile";1
"entrata";1
"cementificazione";1
"marcia";1
"trucco";1
"opinionista";1
"rime";1
"pensionati";1
"memorandum";1
"chilometriche";1
"vigilia";1
"criminale";1
"dicevi";1
"mirino";1
"violento";1
"intrecci";1
"favori";1
"cantano";1
"centinaio";1
"santo";1
"discografia";1
"saltati";1
"indotto";1
"cotugno";1
"malinteso";1
"patriottismo";1
"alpinisti";1
"riflessioni";1
"decesso";1
"indigena";1
"ragazzo";1
"tradizioni";1
"americane";1
"letture";1
"dispenser";1
"metrature";1
"adeguarsi";1
"indigeni";1
"ascolti";1
"avversari";1
"artigiani";1
"tentativi";1
"speculazione";1
"rianimatore";1
"smacco";1
"liposuzione";1
"glicine";1
"inverno";1
"alessia";1
"dpcm";1
"stuprarla";1
"religiose";1
"incognita";1
"campeggio";1
"dovere";1
"polpettine";1
"valori";1
"visibili";1
"altissima";1
"dillo";1
"bankitalia";1
"valutino";1
"crimine";1
"fatto";1
"gravissimo";1
"infesta";1
"ventenni";1
"terapeutiche";1
"banda";1
"scoppio";1
"bandaromanzo";1
"carnevale";1
"suoni";1
"miracoli";1
"spartito";1
"neurologica";1
"ginecologo";1
"romani";1
"talento";1
"provo";1
"sommersi";1
"tensioni";1
"montepremi";1
"vegano";1
"sovranista";1
"stramba";1
"termico";1
"pallone";1
"teleassistenza";1
"immensità";1
"eternità";1
"singapore";1
"durata";1
"accedervi";1
"indizi";1
"prossimianche";1
"festacon";1
"oratorio";1
"dott";1
"totalitario";1
"dimissioni";1
"libri";1
"demoni";1
"disponibile";1
"zucchero";1
"guardo";1
"colonne";1
"ingorghi";1
"rito";1
"meloni";1
"convinto";1
"balle";1
"vette";1
"tasche";1
"lasciarci";1
"​e";1
"lupi";1
"agnelli";1
"inadeguato";1
"sistemi";1
"geolocalizzazione";1
"lizza";1
"ndragheta";1
"stragista";1
"zittiscono";1
"moltiplica";1
"debole";1
"daccapo";1
"viterbese";1
"celleno";1
"rimandata";1
"inaccettabile";1
"clinico";1
"lieve";1
"stilista";1
"sposa";1
"ad";1
"cinesi";1
"provinciale";1
"polline";1
"coppia";1
"riprese";1
"bocciatura";1
"sceriffi";1
"riders";1
"emergenze";1
"vigilanza";1
"nigeriana";1
"procedurale";1
"fianco";1
"febbraio";1
"simile";1
"bozza";1
"darci";1
"vicesindaco";1
"psichiatrico";1
"permesso";1
"crocifissi";1
"usarla";1
"assegni";1
"inizieremo";1
"affidabili";1
"ammazzo";1
"regalone";1
"olimpico";1
"organizzatore";1
"polmoniti";1
"trattate";1
"promessa";1
"correlazione";1
"differenti";1
"clacson";1
"bloccata";1
"temporanea";1
"importanti";1
"gabesato";1
"copertina";1
"sepolte";1
"modalità";1
"notifiche";1
"europeisti";1
"introvabile";1
"sopravvissuti";1
"cuori";1
"aerea";1
"redditi";1
"grana";1
"sviluppo";1
"bengalese";1
"carboidrati";1
"segnale";1
"supervilla";1
"meglio";1
"hollywoodiane";1
"immunizzati";1
"polizze";1
"scadenze";1
"controllori";1
"editoria";1
"ritiro";1
"tiro";1
"briatore";1
"naviga";1
"avventura";1
"farmacisti";1
"fosse";1
"funerale";1
"patti";1
"braccino";1
"episodi";1
"inediti";1
"musicisti";1
"trappola";1
"sospetto";1
"inconcepibile";1
"candidati";1
"vaccini";1
"clinica";1
"assunti";1
"grafico";1
"sacra";1
"ostensione";1
"straordinaria";1
"ricciardi";1
"pomeriggio";1
"frigorifero";1
"lavorative";1
"fattura";1
"ubriaco";1
"prestazioni";1
"letto";1
"lessico";1
"recalcati";1
"cadute";1
"truffe";1
"indagati";1
"restituiti";1
"chiavi";1
"conclusioni";1
"riferimento";1
"comment";1
"partita";1
"scene";1
"orrore";1
"miglior";1
"alleato";1
"ricche";1
"ragù";1
"combustibili";1
"fossili";1
"televisione";1
"imprenditore";1
"animatori";1
"profumi";1
"scompare";1
"ecclestone";1
"ferri";1
"malore";1
"osservazione";1
"smentite";1
"principi";1
"farmacie";1
"modelli";1
"cinzia";1
"laurea";1
"nipotino";1
"saturimetri";1
"costosissimi";1
"ciabatte";1
"soccorsi";1
"galoppo";1
"viale";1
"sogni";1
"fumettista";1
"vignette";1
"articoli";1
"pannolini";1
"giorno/5";1
"palleggi";1
"montagne";1
"sciatori";1
"economista";1
"alleanza";1
"negoziato";1
"risalita";1
"veti";1
"fragile";1
"falco";1
"incompatibile";1
"decisioni";1
"regionale";1
"accelera";1
"abbracci";1
"astronauti";1
"equipaggio";1
"conferma";1
"dimostrazione";1
"efficienti";1
"decuplicato";1
"ultrà";1
"battenti";1
"talk";1
"vitalità";1
"40mila";1
"continenti";1
"profilattico";1
"eredità";1
"minestra";1
"infanzia";1
"concordato";1
"favorevoli";1
"atmosfera";1
"focus";1
"reni";1
"immediati";1
"pinacoteca";1
"haltadefinizione";1
"capolavori";1
"occhio";1
"assassini";1
"pakistano";1
"rinunciate";1
"giudizio";1
"annunciata";1
"curevac";1
"giusta";1
"pedali";1
"t";1
"shirt";1
"diavolo";1
"volontario";1
"pranoterapeuta";1
"allo";1
"proroga";1
"portatili";1
"processore";1
"grafica";1
"stradale";1
"best";1
"liberazione";1
"fuorigioco";1
"percentuali";1
"copertura";1
"adeguate";1
"presentatore";1
"obesi";1
"fumatori";1
"risultato";1
"trapianto";1
"inquinata";1
"legame";1
"untore";1
"previdenza";1
"padroni";1
"batterie";1
"ricarica";1
"ioni";1
"piattaforme";1
"didattiche";1
"axios";1
"tarda";1
"mattinata";1
"farnetti";1
"calorie";1
"nervose";1
"rendimenti";1
"dietrofront";1
"denunciati";1
"indipendente";1
"crociera";1
"egoista";1
"logorato";1
"prematura";1
"disposta";1
"blinda";1
"sadico";1
"sommergibilisti";1
"rivotril";1
"terminali";1
"pallavolo";1
"scudetti";1
"sposi";1
"municipio";1
"sofferti";1
"chirurgico";1
"origine";1
"frecciatina";1
"cieche";1
"profitto";1
"congedi";1
"pioggia";1
"frate";1
"laico";1
"vergognoso";1
"luci";1
"palco";1
"produzioni";1
"ramazzotti";1
"rispetto";1
"schifoso";1
"sequestri";1
"ditta";1
"hater";1
"rovina";1
"lucidi";1
"drammatici";1
"linfa";1
"animazione";1
"asse";1
"postato";1
"bravo";1
"alloggi";1
"provocazione";1
"serena";1
"votarlo";1
"sci";1
"gamba";1
"orologeria";1
"sosta";1
"gomme";1
"distratto";1
"maglia";1
"seno";1
"importi";1
"inedito";1
"dito";1
"classici";1
"clausura";1
"fornitura";1
"operativi";1
"pronipote";1
"gretto";1
"vigliacco";1
"editoriale";1
"center";1
"costruzione";1
"acquisto";1
"sequestro";1
"vigliaccata";1
"femminismo";1
"badanti";1
"datori";1
"cautele";1
"elusione";1
"azioni";1
"biotech";1
"resurrezione";1
"cena";1
"vivente";1
"premi";1
"anteprima";1
"clausole";1
"-116";1
"malato";1
"organi";1
"convenienti";1
"trattati";1
"trasparenza";1
"rutte";1
"bocce";1
"caduti";1
"trionfa";1
"ristoratori";1
"bergamasco";1
"annunci";1
"visione";1
"cella";1
"infettarsi";1
"stanzia";1
"toccante";1
"bisognosi";1
"corrotto";1
"elettorali";1
"progressi";1
"orario";1
"presidenti";1
"consultivi";1
"gru";1
"indietro";1
"ala";1
"radicale";1
"frontiera";1
"denaro";1
"fasi";1
"minime";1
"atomica";1
"deleterio";1
"diminuzione";1
"netta";1
"comizio";1
"emendamento";1
"concreti";1
"giusto";1
"confindustrie";1
"obiettivi";1
"filiere";1
"piedino";1
"priva";1
"coscienza";1
"morbi";1
"tropicali";1
"deputati";1
"tricolori";1
"operatrice";1
"presidenziali";1
"ritmo";1
"insostenibile";1
"palazzolo";1
"restaurazione";1
"spinta";1
"aborti";1
"x65";1
"screening";1
"date";1
"diagnostici";1
"intestino";1
"abbigliamento";1
"marchi";1
"capi";1
"comodi";1
"orfani";1
"risarcimento";1
"cremazione";1
"adozione";1
"roadmap";1
"tribuna";1
"divertirsi";1
"tg";1
"seggi";1
"frontiere";1
"bancaria";1
"autori";1
"estratto";1
"esclusiva";1
"escort";1
"rampolli";1
"istinto";1
"materno";1
"v";1
"ibrido";1
"leggero";1
"frigo";1
"difendersi";1
"epoca";1
"vi";1
"calderoli";1
"senatori";1
"naturali";1
"respiratori";1
"decorso";1
"cittadino";1
"aneddoti";1
"ideale";1
"merito";1
"prigione";1
"respiratorie";1
"finanziato";1
"solitarie";1
"allarmi";1
"automobilisti";1
"galiziane";1
"concessione";1
"grafici";1
"vincitori";1
"corona";1
"capirlo|il";1
"veto";1
"canali";1
"brutte";1
"enoxaparina";1
"trombosi";1
"sopravvive";1
"esperta";1
"giornalisti";1
"ferito";1
"arrivi";1
"grano";1
"tragico";1
"improvviso";1
"termine";1
"umbro";1
"insegue";1
"soccorritori";1
"protagoniste";1
"gemma";1
"scienziato";1
"deluso";1
"fido";1
"ero";1
"sesta";1
"regolari";1
"viadotti";1
"pentagono";1
"indiana";1
"vibratori";1
"legno";1
"cara";1
"venditore";1
"bacchetta";1
"indossarli";1
"rimuoverli";1
"fondatore";1
"patrimonio";1
"economiche";1
"pura";1
"fuffa";1
"mediatica";1
"inferiore";1
"illudiamoci";1
"gradualità";1
"finanziaria";1
"tifoso";1
"tracciamenti";1
"progettazione";1
"pubbliche";1
"falchi";1
"osservatorio";1
"umano";1
"gelo";1
"muri";1
"cardinal";1
"mercatone";1
"fornitori";1
"riposocome";1
"frullatori";1
"mischiatie";1
"ardito";1
"futurista";1
"fumata";1
"super";1
"mezzofondo";1
"riconversione";1
"braccianti";1
"frutta";1
"sanatoria";1
"notturno";1
"meraviglie";1
"teoria";1
"complotto";1
"sbarazzarsi";1
"soglia";1
"meraviglioso";1
"cruccio";1
"perquisizioni";1
"videoscheda";1
"linguine";1
"zucchine";1
"basilico";1
"videoricetta";1
"complesse";1
"colpito";1
"ras";1
"sfuggito";1
"ideo";1
"approccio";1
"lockdown";1
"dormivo";1
"farsa";1
"eccezionali";1
"impraticabile";1
"opzioni";1
"ristoratrice";1
"colao";1
"idiota";1
"dispositivi";1
"requisiti";1
"massima";1
"preoccupata";1
"differenza";1
"sostanziale";1
"soddisfacenti";1
"irresistibile";1
"valigia";1
"luna";1
"miele";1
"compagnie";1
"aeree";1
"voli";1
"estetista";1
"capolavoro";1
"​scontro";1
"teorie";1
"quinta";1
"ufficialemente";1
"flessione";1
"esterno";1
"cucina";1
"anticipazioni";1
"incompatibilità";1
"coordinato";1
"certificati";1
"anagrafici";1
"orgoglio";1
"sabina";1
"imitazione";1
"espone";1
"populismo";1
"pancia";1
"spazio";1
"fenomeni";1
"cosmici";1
"potenti";1
"getto";1
"studente";1
"whatsapp";1
"inoltrabili";1
"claudio";1
"tute";1
"paillettes";1
"panni";1
"casuale";1
"verifica";1
"polmonite";1
"fede";1
"allibito";1
"grassa";1
"ragazza";1
"gallina";1
"partiti";1
"indegne";1
"scrittrice";1
"welfare";1
"clan";1
"interessate";1
"membri";1
"viceammiraglio";1
"trezza";1
"sciagura";1
"triangolo";1
"autoritario";1
"fantasie";1
"erotiche";1
"frequenti";1
"basilica";1
"giannimorandi";1
"nudi";1
"tiene";1
"vincitore";1
"impulsivo";1
"scenario";1
"schizza";1
"segnalati";1
"speaker";1
"radiofonica";1
"playstation";1
"flirt";1
"calciatore";1
"serbo";1
"condizionalità";1
"mazzo";1
"dirotto";1
"aida";1
"epilessia";1
"tantissimo";1
"cugino";1
"tata";1
"cast";1
"corresponsabilità";1
"nazionali";1
"capisaldi";1
"wellness";1
"amica";1
"interessati";1
"sani";1
"pedofilia";1
"sentenza";1
"accanimento";1
"grattacieli";1
"infettivolgo";1
"tormenti";1
"speciale";1
"accatastati";1
"ferita";1
"canoa";1
"disperso";1
"racconti";1
"annegate";1
"motonave";1
"chiave";1
"stravolte";1
"dormo";1
"attivo";1
"tributo";1
"ingiustizia";1
"dogane";1
"internet";1
"costituzione";1
"fusillo";1
"bucato";1
"discriminazioni";1
"agricoltura";1
"manodopera";1
"dl";1
"triplica";1
"brusca";1
"cruciale";1
"assembramento";1
"morsa";1
"treni";1
"coordinatore";1
"rianimazioni";1
"zattera";1
"salvataggio";1
"miliari";1
"cortocircuito";1
"orientarci";1
"premer";1
"rinvii";1
"stagionale";1
"obbligatoria";1
"promozione";1
"protette";1
"confusa";1
"lufthansa";1
"licenza";1
"val";1
"miiliardi";1
"edificio";1
"coniugi";1
"asset";1
"strategici";1
"spoon";1
"spacciatori";1
"calabresi";1
"trasferimenti";1
"udienza";1
"scarcerazione";1
"asmatico";1
"scommette";1
"portarci";1
"libici";1
"attualità";1
"sfregio";1
"nipoti";1
"biondi";1
"invincibili";1
"efficaci";1
"diversi";1
"sussidio";1
"ricordi";1
"interpreti";1
"moribonda";1
"veneti";1
"seguito";1
"abbassarsi";1
"dirette";1
"instagram";1
"rsa";1
"notizia";1
"carenza";1
"picchetto";1
"deputato";1
"verde";1
"salvarci";1
"osate";1
"inattivi";1
"niksen";1
"retroscena";1
"pangolino";1
"cov-2";1
"dormitori";1
"tardive";1
"dipinto";1
"scandaloso";1
"nazisti";1
"assistito";1
"umore";1
"necessità";1
"età";1
"reazione";1
"violenta";1
"routine";1
"costruttori";1
"idrossiclorochina";1
"concrete";1
"pompieri";1
"scherzo";1
"straordinari";1
"teorema";1
"congiuntivite";1
"delatori";1
"arrende";1
"odio";1
"privatamente";1
"incostituzionali";1
"domiciliati";1
"differenze";1
"buonisti";1
"clandestini";1
"precedenza";1
"sequestratori";1
"magie";1
"calcio/2";1
"assist";1
"frattempo";1
"rischioso";1
"furti";1
"leve";1
"tecnologici";1
"contromisura";1
"huawei";1
"display";1
"disagi";1
"recessione";1
"diffuso";1
"missionario";1
"rapito";1
"wet";1
"market";1
"coronababy";1
"nascite";1
"cucinotta";1
"salone";1
"rinascita";1
"piatto";1
"ricco";1
"ficco";1
"seriologico";1
"sessi";1
"alterni";1
"solisti";1
"partner";1
"tigre";1
"zoo";1
"tromba";1
"playback";1
"cu";1
"dettaglio";1
"ballano";1
"cortile";1
"prudenti";1
"banchi";1
"nodi";1
"ispettori";1
"pazienza";1
"palinsesti";1
"pianeta";1
"morta";1
"attivista";1
"complicazioni";1
"elettrico";1
"allenarsi";1
"aquilani";1
"inferno";1
"sciarpa";1
"ozonoterapia";1
"i";1
"foche";1
"shopping";1
"ordinaria";1
"tenore";1
"libico";1
"suppliche";1
"nulla";1
"pio";1
"messe";1
"nutrimento";1
"parroci";1
"tumori";1
"metropolitana";1
"camicie";1
"massacro";1
"pangolini";1
"bile";1
"illegale";1
"malattie";1
"infettive";1
"sudore";1
"coldiretti";1
"kit";1
"sopravvivenza";1
"rette";1
"caparra";1
"respiro";1
"rinviicronaca";1
"italica";1
"tosta";1
"livelli";1
"sostituto";1
"cintura";1
"karate";1
"poco";1
"credente";1
"precauzione";1
"debutto";1
"incompetenza";1
"balletto";1
"pila";1
"storici";1
"siate";1
"dorma";1
"prossimi";1
"hot";1
"+2972";1
"ingoia";1
"orologio";1
"panetterie";1
"sforzo";1
"supermaket";1
"festività";1
"colossi";1
"autoisolamento";1
"perfetti";1
"conoscenza";1
"ingaggi";1
"umani";1
"surreale";1
"espiatorio";1
"stra";1
"orgogliosa";1
"intelligenti";1
"spiegate";1
"geometra";1
"compagnia";1
"riconducibile";1
"tensione";1
"depositi";1
"capitali";1
"paquetà";1
"pennarelli";1
"sigilli";1
"scaffali";1
"aiutarci";1
"perse";1
"spari";1
"bastonate";1
"fantasia";1
"costumista";1
"scenografo";1
"buono";1
"brutto";1
"cattivo";1
"aeroporti";1
"dikat";1
"artisti";1
"bolero";1
"esibizione";1
"anniversario";1
"bel";1
"casino";1
"molesta";1
"fiorello";1
"fedele";1
"altruiste";1
"spadafora";1
"tunisino";1
"fermi";1
"interventi";1
"epico";1
"riappacificazione";1
"opportunità";1
"chance";1
"brutta";1
"tentazione";1
"pericolosa";1
"maschio";1
"alfa";1
"baroni";1
"retrocessione";1
"fotografia";1
"spropositata";1
"cateno";1
"gilberto";1
"divorzio";1
"partite";1
"secche";1
"coscienze";1
"farmacia";1
"importanza";1
"dispute";1
"ingegnere";1
"iniziale";1
"tantum";1
"possibilità";1
"teologo";1
"sconosciuto";1
"sassate";1
"processione";1
"santa";1
"monsignor";1
"vantaggio";1
"sottomarino";1
"iii";1
"minorenni";1
"feretri";1
"esposti";1
"screenshot";1
"presidi";1
"danno";1
"alleanze";1
"restrittivi";1
"giuseppi";1
"cagnolina";1
"colombi";1
"inca'-opposizioni";1
"nemico";1
"ambra";1
"puliziepoi";1
"vietarci";1
"sirene";1
"ascensore";1
"backstage";1
"manette";1
"botta";1
"esplode";1
"solidali";1
"saluto";1
"bacio";1
"innocente";1
"fresca";1
"impianto";1
"operistico";1
"troppa";1
"fatevi";1
"riti";1
"revoche";1
"penali";1
"atlantia";1
"tassa";1
"naso";1
"diffondere";1
"pasquali";1
"panettieri";1
"acquistabili";1
"inafferrabile";1
"bancomat";1
